<?xml version="1.0" encoding="UTF-8"?>
<!DOCTYPE suite SYSTEM "http://testng.org/testng-1.0.dtd">
<suite name="Suite">

 <test name="Create_Computer_Valid_01">
  <parameter name="Select" value="chrome"/>
  <parameter name="Computer" value="ABCorp"/>
  <parameter name="IntroduceDate" value="2019-10-10"/>
  <parameter name="DiscontinueDate" value="2019-10-10"/>
  <parameter name="ComputerName" value="ABCorp"/>
  <classes>
  	<class name="com.testcases.AddComputerTestCases"/>
  </classes>
  </test>
 
  <test name="Read_Computer_Valid_02">
  <parameter name="Select" value="chrome"/>
  <parameter name="Computer" value="ABCDorp"/>
  <parameter name="IntroduceDate" value="2019-10-10"/>
  <parameter name="DiscontinueDate" value="2019-10-10"/>
  <parameter name="ComputerName" value="ABCDorp"/>
  <classes>
  	<class name="com.testcases.ReadCompterData"/>
  </classes>
  </test>

  <test name="Update_Computer_Valid_03">
  <parameter name="Select" value="chrome"/>
  <parameter name="Computer" value="ABCDorp"/>
  <parameter name="IntroduceDate" value="2019-10-10"/>
  <parameter name="DiscontinueDate" value="2019-10-10"/>
  <parameter name="ComputerName" value="ABCDorp"/>
  <parameter name="ComputerUpdate" value="ABCDorp_Update"/>
  <parameter name="IDate" value="2019-10-11"/>
  <parameter name="TDate" value="2019-10-11"/>
  <classes>
  	<class name="com.testcases.EditComputerTest"/>
  </classes>
  </test>
  
  <test name="Delete_Computer_Valid_04">
  <parameter name="Select" value="chrome"/>
  <parameter name="Computer" value="ABCDEorp"/>
  <parameter name="IntroduceDate" value="2019-10-10"/>
  <parameter name="DiscontinueDate" value="2019-10-10"/>
  <parameter name="ComputerName" value="ABCDEorp"/>
  <classes>
  	<class name="com.testcases.DeleteComputer"/>
  </classes>
  </test>
  </suite>
<!-- Suite -->